"","celltype1","celltype2","AUC.x","AUC.y","AUC.x.x","AUC.y.y","AUC.x.x.x","AUC.y.y.y","average_AUC","number_points"
"1","ChP-1","ChP-2",0.852533158343875,0.853293296702927,NA,0.852533158343875,0.847059596767266,0.845919389228687,0.850267719877326,5
"2","ChP-1","ChP-3",0.425220134602618,0.42569221911293,NA,0.332325001118898,NA,NA,0.394412451611482,3
"3","ChP-1","ChP-4",0.854053435061979,NA,NA,NA,0.851588982441911,0.764724799461218,0.823455738988369,3
"4","ChP-1","DLExN",0.75811556814747,0.385649974621549,NA,0.420850622163757,NA,0.42569221911293,0.497577096011426,4
"5","ChP-1","DLX5InH",0.749098663899958,0.42569221911293,NA,0.424932084985085,0.426452353240774,0.426452353240774,0.490525534895904,5
"6","ChP-1","GB",0.589237981988141,0.422565711879568,NA,0.423928999984807,0.42569221911293,0.427212487368618,0.457727480066813,5
"7","ChP-1","IPC-1",0.844107962012681,0.482028350628451,NA,0.422565711879568,0.74842250184593,0.42901646769316,0.585228198811958,5
"8","ChP-1","IPC-2",0.840787417329666,0.482028350628451,NA,0.846744458081959,0.591903186055071,0.42569221911293,0.637431126241615,5
"9","ChP-1","IPC-3",0.426452353240774,0.345459979066604,NA,0.424446183240216,0.426452353240774,0.429960636713784,0.41055430110043,5
"10","ChP-1","IPC-4",0.407916512838898,NA,NA,NA,NA,0.834744789959186,0.621330651399042,2
"11","ChP-1","MC-1",0.804078341112712,0.424932084985085,NA,0.425312152049008,NA,NA,0.551440859382269,3
"12","ChP-1","MC-2",0.426834129480421,0.425220134602618,NA,0.418680204204847,0.42569221911293,NA,0.424106671850204,4
"13","ChP-1","MC-3",0.423748898432327,0.42569221911293,NA,0.42569221911293,NA,NA,0.425044445552729,3
"14","ChP-1","MC-4",0.423368831368404,0.423789866974661,NA,NA,NA,NA,0.423579349171533,2
"15","ChP-1","MC-5",0.561011324556489,0.459839559919758,NA,NA,NA,NA,0.510425442238124,2
"16","ChP-1","N-1",0.638731911973748,0.424932084985085,NA,0.42421704960234,0.425449268240495,0.426452353240774,0.467956533608488,5
"17","ChP-1","N-2",0.84399631125625,0.424932084985085,NA,0.481785408741497,0.424417015113781,0.69526549027614,0.574079262074551,5
"18","ChP-1","RG-1",0.805324363245672,0.42569221911293,NA,0.852533158343875,0.42569221911293,0.847040357016297,0.671256463366341,5
"19","ChP-1","RG-10",0.844019043331057,0.651661006582885,NA,0.533612677702122,0.745134989163408,0.852349120800963,0.725355367516087,5
"20","ChP-1","RG-11",0.849024873159115,0.420686374205403,NA,0.852533158343875,0.42569221911293,NA,0.636984156205331,4
"21","ChP-1","RG-2",0.844572412072391,0.423558010312503,NA,0.838910848984444,0.844019043331057,0.830201121051643,0.756252287150408,5
"22","ChP-1","RG-3",0.835504928318239,0.806084501604724,NA,0.850828844082859,0.42920050258594,0.543012643855649,0.692926284089482,5
"23","ChP-1","RG-4",0.747956710199462,0.42343028360367,NA,0.848264734800063,0.738187627195461,0.805324363245672,0.712632743808866,5
"24","ChP-1","RG-5",0.697700046148241,0.525410064626844,NA,0.852533158343875,0.452904066574507,0.537124093278548,0.613134285794403,5
"25","ChP-1","RG-6",0.696969804537156,0.539126035653281,NA,0.424689134112651,0.482788488987503,0.802938133574134,0.589302319372945,5
"26","ChP-1","RG-7",0.853673365882453,0.74601885604183,NA,0.64639784534909,0.841990150764239,0.842771933472484,0.786170430302019,5
"27","ChP-1","RG-8",0.837359512571941,0.850828844082859,NA,0.844019043331057,0.842771933472484,0.848264734800063,0.844648813651681,5
"28","ChP-1","RG-9",0.640755784354762,0.43234071627339,NA,0.844019043331057,NA,0.852533158343875,0.692412175575771,4
"29","ChP-1","ULExN",0.84399631125625,0.385799225768494,NA,0.421424113603113,NA,0.425312152049008,0.519132950669216,4
"30","ChP-2","ChP-3",0.529359361661139,0.423558010312503,NA,0.429319602770355,NA,NA,0.460745658247999,3
"31","ChP-2","ChP-4",0.818526293978027,NA,NA,NA,0.851588982441911,0.690018924445996,0.786711400288645,3
"32","ChP-2","DLExN",0.751198654440678,0.434827502052859,NA,0.750641018634133,NA,0.428072298672536,0.591184868450052,4
"33","ChP-2","DLX5InH",0.74062868197616,0.42569221911293,NA,0.424932084985085,0.649761009438954,0.427468564968357,0.533696512096297,5
"34","ChP-2","GB",0.595141503218451,0.840744128631279,NA,0.538561648255321,0.538332514617443,0.424654200809295,0.587486799106358,5
"35","ChP-2","IPC-1",0.730059355648697,0.651917109142673,NA,0.426708430840513,0.751070992008911,0.651300835590633,0.642211344646285,5
"36","ChP-2","IPC-2",0.844378126597695,0.424275965581994,NA,0.652354928224754,0.853293296702927,0.423707622247058,0.639601987870886,5
"37","ChP-2","IPC-3",0.743986052434543,0.418664306332969,NA,0.425312152049008,0.538620564234976,0.424128965496249,0.510142408109549,5
"38","ChP-2","IPC-4",0.580530281975434,NA,NA,NA,NA,0.837785343395395,0.709157812685414,2
"39","ChP-2","MC-1",0.853293296702927,0.425980268730462,NA,0.42569221911293,NA,NA,0.568321928182106,3
"40","ChP-2","MC-2",0.427194332585383,0.425220134602618,NA,0.418437253332412,0.425980268730462,NA,0.424207997312719,4
"41","ChP-2","MC-3",0.748366126734785,0.425220134602618,NA,0.42569221911293,NA,NA,0.533092826816777,3
"42","ChP-2","MC-4",0.426073995352577,0.42569221911293,NA,NA,NA,NA,0.425883107232753,2
"43","ChP-2","MC-5",0.652859578647344,0.455571142318905,NA,NA,NA,NA,0.554215360483124,2
"44","ChP-2","N-1",0.847504596441011,0.42569221911293,NA,0.756987354702594,0.590657163922111,0.42550818422015,0.609269903679759,5
"45","ChP-2","N-2",0.843236172897199,0.543473390956526,NA,0.655929430126696,0.752713039429428,0.595901641577503,0.678250734997471,5
"46","ChP-2","RG-1",0.852533158343875,0.853293296702927,NA,0.843870335845696,0.852349120800963,0.845539320049161,0.849517046348524,5
"47","ChP-2","RG-10",0.832787962409245,0.75667967230955,NA,0.842773021198096,0.842112421577399,0.845706473816961,0.82401191026225,5
"48","ChP-2","RG-11",0.648240732720849,0.638141061742008,NA,0.755355427228059,0.591431098104089,NA,0.658292079948751,4
"49","ChP-2","RG-2",0.848638646047935,0.593396436638749,NA,0.826701005187194,0.844779181690109,0.821867867989514,0.7870766275107,5
"50","ChP-2","RG-3",0.853293296702927,0.851588982441911,NA,0.851588982441911,0.849700630637983,0.42569221911293,0.766372822267532,5
"51","ChP-2","RG-4",0.841543852729885,0.535258667201882,NA,0.853293296702927,0.844779181690109,0.844292210190589,0.783833441703078,5
"52","ChP-2","RG-5",0.725069411578728,0.739232050108189,NA,0.839736057032751,0.583341637744856,0.854813573421031,0.748438545977111,5
"53","ChP-2","RG-6",0.759819882408486,0.852533158343875,NA,0.538804599127755,0.640974210575767,0.840006722347032,0.726427714560583,5
"54","ChP-2","RG-7",0.839647209791087,0.749723172863204,NA,0.849884668180895,0.840173876114832,0.84239011813104,0.824363809016211,5
"55","ChP-2","RG-8",0.837899285062078,0.851588982441911,NA,0.839750619787245,0.841694152832936,0.842773021198096,0.842741212264453,5
"56","ChP-2","RG-9",0.641069977666213,0.84399631125625,NA,0.763596586016342,NA,0.432622815336962,0.670321422568942,4
"57","ChP-2","ULExN",0.743605983255017,0.429960636713784,NA,0.843074867429092,NA,0.42569221911293,0.610583426627706,4
"58","ChP-3","ChP-4",0.407858414581671,NA,NA,NA,NA,NA,0.407858414581671,1
"59","ChP-3","DLExN",0.412126832182525,0.424708180259747,NA,0.414581534183941,NA,NA,0.417138848875404,3
"60","ChP-3","DLX5InH",0.418935148118101,0.42569221911293,NA,0.504740245946179,NA,NA,0.449789204392403,3
"61","ChP-3","GB",0.421805577751723,0.41867565216691,NA,0.350703571470693,NA,NA,0.397061600463109,3
"62","ChP-3","IPC-1",0.526980327272271,0.361183837837687,NA,0.50937860301206,NA,NA,0.465847589374006,3
"63","ChP-3","IPC-2",0.525675980378055,0.4204374536331,NA,0.448743274158993,NA,NA,0.464952236056716,3
"64","ChP-3","IPC-3",0.416395249783379,0.354151133629067,NA,0.504351997906111,NA,NA,0.424966127106185,3
"65","ChP-3","IPC-4",0.524613995788007,NA,NA,NA,NA,NA,0.524613995788007,1
"66","ChP-3","MC-1",0.848454608505023,0.848264734800063,NA,0.419681968487277,NA,NA,0.705467103930788,3
"67","ChP-3","MC-2",0.644874843395963,0.757171392245505,NA,0.608994687633877,NA,NA,0.670346974425115,3
"68","ChP-3","MC-3",0.821464331286936,0.852533158343875,NA,0.483481433520891,NA,NA,0.719159641050567,3
"69","ChP-3","MC-4",0.838820184140902,0.844019043331057,NA,NA,NA,NA,0.84141961373598,2
"70","ChP-3","MC-5",0.811057353909577,0.400781327791149,NA,NA,NA,NA,0.605919340850363,2
"71","ChP-3","N-1",0.424932084985085,0.423085925802191,NA,0.466737498654114,NA,NA,0.438251836480463,3
"72","ChP-3","N-2",0.418657497383675,0.404930406771655,NA,0.419415264057514,NA,NA,0.414334389404281,3
"73","ChP-3","RG-1",0.425312152049008,0.426452353240774,NA,0.438824188339079,NA,NA,0.43019623120962,3
"74","ChP-3","RG-10",0.416592991130246,0.421679879111815,NA,0.423911203072084,NA,NA,0.420728024438049,3
"75","ChP-3","RG-11",0.420663667384232,0.416395249783379,NA,0.496460391017296,NA,NA,0.444506436061636,3
"76","ChP-3","RG-2",0.525294165036611,0.41935142857805,NA,0.4194817309386,NA,NA,0.45470910818442,3
"77","ChP-3","RG-3",0.424932084985085,0.425980268730462,NA,0.592617711893622,NA,NA,0.48117668853639,3
"78","ChP-3","RG-4",0.416395249783379,0.421423801512076,NA,0.450829403761454,NA,NA,0.42954948501897,3
"79","ChP-3","RG-5",0.611856715362675,0.420128687511432,NA,0.427700463841233,NA,NA,0.48656195557178,3
"80","ChP-3","RG-6",0.42569221911293,0.42569221911293,NA,0.346220117425656,NA,NA,0.399201518550505,3
"81","ChP-3","RG-7",0.531479716702841,0.418591294450205,NA,0.51529004545645,NA,NA,0.488453685536499,3
"82","ChP-3","RG-8",0.526620156280019,0.42569221911293,NA,0.428286150021181,NA,NA,0.460199508471376,3
"83","ChP-3","RG-9",0.405852244581115,0.425260205291785,NA,0.43487460335341,NA,NA,0.42199568440877,3
"84","ChP-3","ULExN",0.412382909782264,0.412126832182525,NA,0.490804653406645,NA,NA,0.438438131790478,3
"85","ChP-4","DLExN",0.408618548709516,NA,NA,NA,NA,0.426452353240774,0.417535450975145,2
"86","ChP-4","DLX5InH",0.516339485994714,NA,NA,NA,0.424932084985085,0.426452353240774,0.455907974740191,3
"87","ChP-4","GB",0.427212487368618,NA,NA,NA,0.424460000474775,0.426072286176852,0.425914924673415,3
"88","ChP-4","IPC-1",0.467998702213248,NA,NA,NA,0.739780613686876,0.430340703777705,0.546040006559276,3
"89","ChP-4","IPC-2",0.426760059866353,NA,NA,NA,0.587219373019451,0.42569221911293,0.479890550666245,3
"90","ChP-4","IPC-3",0.411260863373734,NA,NA,NA,0.419791541070568,0.426452353240774,0.419168252561692,3
"91","ChP-4","IPC-4",0.354973095585984,NA,NA,NA,NA,0.832252745693266,0.593612920639625,2
"92","ChP-4","MC-1",0.424564015199526,NA,NA,NA,NA,NA,0.424564015199526,1
"93","ChP-4","MC-2",0.421423801512076,NA,NA,NA,0.42569221911293,NA,0.423558010312503,2
"94","ChP-4","MC-3",0.421915543030436,NA,NA,NA,NA,NA,0.421915543030436,1
"95","ChP-4","MC-4",0.423325846007411,NA,NA,NA,NA,NA,0.423325846007411,1
"96","ChP-4","MC-5",0.419356652275669,NA,NA,NA,NA,NA,0.419356652275669,1
"97","ChP-4","N-1",0.426452353240774,NA,NA,NA,0.424932084985085,0.426452353240774,0.425945597155544,3
"98","ChP-4","N-2",0.412126832182525,NA,NA,NA,0.429960636713784,0.42550818422015,0.422531884372153,3
"99","ChP-4","RG-1",0.539886174012333,NA,NA,NA,0.42569221911293,0.483548627346555,0.483042340157273,3
"100","ChP-4","RG-10",0.514219483439431,NA,NA,NA,0.639111981153274,0.429960636713784,0.527764033768829,3
"101","ChP-4","RG-11",0.42218393563992,NA,NA,NA,0.424932084985085,NA,0.423558010312503,2
"102","ChP-4","RG-2",0.630822924663089,NA,NA,NA,0.847320558898099,0.424689134112651,0.634277539224613,3
"103","ChP-4","RG-3",0.851773019984823,NA,NA,NA,0.646888547239808,0.42569221911293,0.64145126211252,3
"104","ChP-4","RG-4",0.414429941387228,NA,NA,NA,0.528516799218817,0.426452353240774,0.456466364615606,3
"105","ChP-4","RG-5",0.43762567258532,NA,NA,NA,0.463269531568558,0.42569221911293,0.442195807755603,3
"106","ChP-4","RG-6",0.42569221911293,NA,NA,NA,0.416907404982858,0.419312299532821,0.420637307876203,3
"107","ChP-4","RG-7",0.577113399280816,NA,NA,NA,0.830246864722851,0.426452353240774,0.611270872414814,3
"108","ChP-4","RG-8",0.744089412056103,NA,NA,NA,0.847122518470667,0.636977769381368,0.74272989996938,3
"109","ChP-4","RG-9",0.408618548709516,NA,NA,NA,NA,0.42569221911293,0.417155383911223,2
"110","ChP-4","ULExN",0.409378682837359,NA,NA,NA,NA,0.42569221911293,0.417535450975145,2
"111","DLExN","DLX5InH",0.534966357538407,0.386273953346068,0.647670134676414,0.851773019984823,NA,0.649695730191035,0.614075839147349,5
"112","DLExN","GB",0.42569221911293,0.420617090324642,0.425449268240495,0.424460000474775,NA,0.42569221911293,0.424382159453154,5
"113","DLExN","IPC-1",0.527094643636517,0.505495005735863,0.536759704169018,0.589254695892091,NA,0.429960636713784,0.517712937229455,5
"114","DLExN","IPC-2",0.534032332621202,0.381047351015773,0.852533158343875,0.843748378016775,NA,0.851773019984823,0.692626847996489,5
"115","DLExN","IPC-3",0.399826672709306,0.505495005735863,0.42218393563992,0.423987915964462,NA,0.427212487368618,0.435741203483634,5
"116","DLExN","IPC-4",0.503781082270087,NA,NA,NA,NA,0.422944069767764,0.463362576018925,2
"117","DLExN","MC-1",0.756227216343542,0.433116345677348,NA,0.421155408902592,NA,NA,0.536832990307827,3
"118","DLExN","MC-2",0.420281583501651,0.432552243720646,NA,0.419123120588722,NA,NA,0.42398564927034,3
"119","DLExN","MC-3",0.420663667384232,0.336406930358732,NA,0.422479644987138,NA,NA,0.393183414243367,3
"120","DLExN","MC-4",0.423325846007411,0.432759493340557,NA,NA,NA,NA,0.428042669673984,2
"121","DLExN","MC-5",0.826570880635802,0.394127922910195,NA,NA,NA,NA,0.610349401772999,2
"122","DLExN","N-1",0.439257606043334,0.381807489374825,0.849884668180895,0.851773019984823,NA,0.853293296702927,0.675203216057361,5
"123","DLExN","N-2",0.424932084985085,0.37251024129925,0.852729189980489,0.852533158343875,NA,0.849516593095071,0.670444253540754,5
"124","DLExN","RG-1",0.42569221911293,0.431972726134132,0.42550818422015,0.425220134602618,NA,0.483168558167029,0.438312364447372,5
"125","DLExN","RG-10",0.420577696662245,0.42400684611617,0.852533158343875,0.541220456390611,NA,0.429960636713784,0.533659758845337,5
"126","DLExN","RG-11",0.42569221911293,0.430687103993716,NA,0.645812235397794,NA,NA,0.50073051950148,3
"127","DLExN","RG-2",0.418473462490895,0.430405880818853,0.42218393563992,0.588960753754667,NA,0.750979111610314,0.52220062886293,5
"128","DLExN","RG-3",0.757355429788417,0.442438294128677,NA,0.700479496678162,NA,0.477122635151884,0.594348963936785,4
"129","DLExN","RG-4",0.418678762875428,0.454482252421596,0.844756449615303,0.852533158343875,NA,0.483168558167029,0.610723836284646,5
"130","DLExN","RG-5",0.647904788158648,0.460029544675003,0.527398185708056,0.851773019984823,NA,0.437737337787646,0.584968575262835,5
"131","DLExN","RG-6",0.423928999984807,0.334693737179088,0.421709626965034,0.423619846178903,NA,0.42883243280038,0.406556928621642,5
"132","DLExN","RG-7",0.539000322871624,0.425364599953429,0.537878267358403,0.64663244468002,NA,0.848264734800063,0.599428073932708,5
"133","DLExN","RG-8",0.526620156280019,0.461314784474836,0.424446183240216,0.422797876184659,NA,0.429960636713784,0.453027927378703,5
"134","DLExN","RG-9",0.534393372684755,0.461741604415093,0.424318144440347,0.42025341874032,NA,0.42218393563992,0.452578095184087,5
"135","DLExN","ULExN",0.809962583279783,0.671209547439718,0.849124529821842,0.851588982441911,NA,0.846107964573038,0.805598721511258,5
"136","DLX5InH","GB",0.422947488119215,0.536542351527459,0.424932084985085,0.424171950857242,0.42569221911293,0.423558010312503,0.442974017485739,6
"137","DLX5InH","IPC-1",0.666404309352924,0.651917109142673,0.649268618979692,0.429960636713784,0.432244457448766,0.421423801512076,0.541869822191652,6
"138","DLX5InH","IPC-2",0.784387547457887,0.852533158343875,0.828459232439731,0.842498766612952,0.845814022435615,0.851773019984823,0.83424429121248,6
"139","DLX5InH","IPC-3",0.638927800968325,0.470797975132289,0.478851074055315,0.413178670492107,0.426452353240774,0.421193977366946,0.474900308542626,6
"140","DLX5InH","IPC-4",0.495261170143298,NA,NA,NA,NA,0.424889099624093,0.460075134883695,2
"141","DLX5InH","MC-1",0.431212512359987,0.424171950857242,NA,0.424932084985085,NA,NA,0.426772182734105,3
"142","DLX5InH","MC-2",0.534475796768024,0.424689134112651,NA,0.419454155567248,0.426452353240774,NA,0.451267859922174,4
"143","DLX5InH","MC-3",0.422925914984529,0.42569221911293,NA,0.425312152049008,NA,NA,0.424643428715489,3
"144","DLX5InH","MC-4",0.480753166114863,0.429960636713784,NA,NA,NA,NA,0.455356901414323,2
"145","DLX5InH","MC-5",0.413754240822897,0.395592176591233,NA,NA,NA,NA,0.404673208707065,2
"146","DLX5InH","N-1",0.827784015454756,0.852533158343875,0.848646550141507,0.852533158343875,0.852153089164349,0.846276726333407,0.846654449630295,6
"147","DLX5InH","N-2",0.786596938150897,0.823104205103052,0.837749219869313,0.852153089164349,0.841828845296133,0.852165083258051,0.832266230140299,6
"148","DLX5InH","RG-1",0.429960636713784,0.42569221911293,0.67125837280961,0.426452353240774,0.426452353240774,0.850926965218664,0.538457150056089,6
"149","DLX5InH","RG-10",0.473141036563916,0.481075558436758,0.846280218657244,0.845012552175091,0.538044464999911,0.423942126712112,0.601249326257505,6
"150","DLX5InH","RG-11",0.424932084985085,0.478982033448689,NA,0.526216099793655,0.426072286176852,NA,0.46405062610107,4
"151","DLX5InH","RG-2",0.532563345642082,0.539504358670889,0.836132766674673,0.844759941939139,0.429960636713784,0.848520837359851,0.671906981166736,6
"152","DLX5InH","RG-3",0.649000871079901,0.42901646769316,NA,0.447183571315746,0.426834129480421,0.642238045725653,0.518854617058976,5
"153","DLX5InH","RG-4",0.53960052300978,0.844019043331057,0.803620048984656,0.848264734800063,0.620352340610063,0.853293296702927,0.751524997906424,6
"154","DLX5InH","RG-5",0.44956873807523,0.752411248765738,0.726211405606213,0.442765889516344,0.376154279265841,0.43849747191549,0.530934838857476,6
"155","DLX5InH","RG-6",0.429960636713784,0.425312152049008,0.637460968344032,0.42569221911293,0.42569221911293,0.425948296712669,0.461677748674225,6
"156","DLX5InH","RG-7",0.730215065199506,0.537130178660358,0.837610381455362,0.843236172897199,0.823113627493574,0.844779181690109,0.769347434566018,6
"157","DLX5InH","RG-8",0.426716529511888,0.751464995384221,0.536156126958665,0.419312299532821,0.427312164544692,0.42883243280038,0.498299091455444,6
"158","DLX5InH","RG-9",0.408626647380891,0.633851299538052,0.479520939804829,0.427212487368618,NA,0.429960636713784,0.475834402161234,5
"159","DLX5InH","ULExN",0.521064597356085,0.471884678594475,0.64691000054857,0.844779181690109,NA,0.655929430126696,0.628113577663187,5
"160","GB","IPC-1",0.39262876912124,0.462475356142619,0.658439626417972,0.844019043331057,0.812179382181972,0.835122338235421,0.66747741923838,6
"161","GB","IPC-2",0.698029316718317,0.834286133813514,0.648555967444165,0.42569221911293,0.590198871794055,0.42569221911293,0.603742454665985,6
"162","GB","IPC-3",0.42920050258594,0.407806157618965,0.653923269634685,0.844019043331057,0.760003919951397,0.852533158343875,0.657914341910987,6
"163","GB","IPC-4",0.333252917478215,NA,NA,NA,NA,0.427976039847912,0.380614478663064,2
"164","GB","MC-1",0.589867863182432,0.423686049112373,NA,0.395972243655154,NA,NA,0.46984205198332,3
"165","GB","MC-2",0.423707622247058,0.424748050092306,NA,0.424932084985085,0.42569221911293,NA,0.424769994109345,4
"166","GB","MC-3",0.422797876184659,0.422565711879568,NA,0.422206642461092,NA,NA,0.422523410175106,3
"167","GB","MC-4",0.424128965496249,0.421423801512076,NA,NA,NA,NA,0.422776383504162,2
"168","GB","MC-5",0.482788488987503,0.42569221911293,NA,NA,NA,NA,0.454240354050216,2
"169","GB","N-1",0.424932084985085,0.424128965496249,0.42569221911293,0.42569221911293,0.424932084985085,0.428732755624305,0.425685054886097,6
"170","GB","N-2",0.420663667384232,0.52262679781688,0.539886174012333,0.424932084985085,0.648350499196658,0.538332514617443,0.515798623002105,6
"171","GB","RG-1",0.852533158343875,0.846002784732502,0.77836319891714,0.852533158343875,0.853293296702927,0.842301982298119,0.837504596556406,6
"172","GB","RG-10",0.474085212465881,0.83621960252768,0.42569221911293,0.585876474351444,0.42569221911293,0.649182758139891,0.566124747618459,6
"173","GB","RG-11",0.844779181690109,0.83963948925062,NA,0.43091063362747,0.852533158343875,NA,0.741965615728019,4
"174","GB","RG-2",0.781851358963161,0.833175031509836,0.816870505167391,0.843275436867146,0.849024873159115,0.853489328339542,0.829614422334365,6
"175","GB","RG-3",0.851773019984823,0.84399631125625,NA,0.851773019984823,0.844019043331057,0.843432204533813,0.846998719818153,5
"176","GB","RG-4",0.429960636713784,0.848264734800063,0.482028350628451,0.426452353240774,0.41201091775326,0.697729942896209,0.54940782267209,6
"177","GB","RG-5",0.585106005531099,0.692624996185475,0.778226070335439,0.839957025387347,0.682418011855308,0.828276596756204,0.734434784341812,6
"178","GB","RG-6",0.847760699000799,0.839472411121129,0.826031594718857,0.853293296702927,0.851773019984823,0.835357062822288,0.842281347391804,6
"179","GB","RG-7",0.845268654734879,0.815327496374481,0.843615920307119,0.836983233210568,0.783216215438207,0.428354397736109,0.75879431963356,6
"180","GB","RG-8",0.838507002252509,0.847800495375349,0.847812278834055,0.843258904972005,0.844019043331057,0.842091947776986,0.84391494542366,6
"181","GB","RG-9",0.430006050356126,0.816673945843172,0.424932084985085,0.853293296702927,NA,0.541006483363636,0.613182372250189,5
"182","GB","ULExN",0.424748050092306,0.421805577751723,0.422797876184659,0.425449268240495,NA,0.427212487368618,0.42440265192756,5
"183","IPC-1","IPC-2",0.75925748208334,0.834483911612047,0.545194937797,0.758299605690381,0.76076405831045,0.748085924852983,0.734347653391033,6
"184","IPC-1","IPC-3",0.671730582582678,0.459190464943396,0.820829457463682,0.818476698292602,0.827750951664472,0.83626506667729,0.739040536937354,6
"185","IPC-1","IPC-4",0.617341648878896,NA,NA,NA,NA,0.420502339312624,0.51892199409576,2
"186","IPC-1","MC-1",0.756227216343542,0.615307071541912,NA,0.420663667384232,NA,NA,0.597399318423229,3
"187","IPC-1","MC-2",0.424089398486706,0.47999302775581,NA,0.753087006244605,0.481646535287006,NA,0.534703991943532,4
"188","IPC-1","MC-3",0.478141742426083,0.618433541385227,NA,0.423558010312503,NA,NA,0.506711098041271,3
"189","IPC-1","MC-4",0.43034241295343,0.478813153608293,NA,NA,NA,NA,0.454577783280862,2
"190","IPC-1","MC-5",0.637113847339536,0.384190293829576,NA,NA,NA,NA,0.510652070584556,2
"191","IPC-1","N-1",0.420912894676743,0.650796799791369,0.754706939625437,0.589830796708231,0.433468920186793,0.428354397736109,0.546345124787447,6
"192","IPC-1","N-2",0.48535505108295,0.773174827474077,0.756227216343542,0.42920050258594,0.42901646769316,0.651917109142673,0.587481862387057,6
"193","IPC-1","RG-1",0.49474703485443,0.469108365008776,0.807637489160558,0.849785011518168,0.831973911058673,0.838883579108198,0.715355898451467,6
"194","IPC-1","RG-10",0.480617545967324,0.444096606262252,0.429960636713784,0.741527259570222,0.429960636713784,0.695161404407611,0.536887348272496,6
"195","IPC-1","RG-11",0.483547713386611,0.482358142408278,NA,0.649398743531084,0.821755481784838,NA,0.609265020277703,4
"196","IPC-1","RG-2",0.6584508794232,0.504882766344015,0.852349120800963,0.83662694158345,0.839727887712439,0.841793797358019,0.755638565537014,6
"197","IPC-1","RG-3",0.76573520421801,0.716874383246109,NA,0.846514676867839,0.842393610454877,0.75222279945309,0.784748134847985,5
"198","IPC-1","RG-4",0.423355327386137,0.510494769057596,0.543012643855649,0.429960636713784,0.543392713035175,0.641006550658054,0.515203773451066,6
"199","IPC-1","RG-5",0.599395710130534,0.587485034659703,0.845990155884955,0.851773019984823,0.64899070844225,0.833357404564463,0.727832005611121,6
"200","IPC-1","RG-6",0.75889852939737,0.636046600796059,0.742834061437259,0.752433980840544,0.814185542673984,0.835801384138557,0.756700016547295,6
"201","IPC-1","RG-7",0.753658977295991,0.604778147410169,0.753460917492477,0.828446386122944,0.83949873325929,0.689153629928868,0.744832798584956,6
"202","IPC-1","RG-8",0.462205625382343,0.71222763668469,0.754154826996702,0.843913887172981,0.832942037509756,0.848264734800063,0.742284791424422,6
"203","IPC-1","RG-9",0.633101526355512,0.792930787459239,0.851773019984823,0.843614233285907,NA,0.755283040441577,0.775340521505412,5
"204","IPC-1","ULExN",0.531266902841439,0.510987807063442,0.535239427450914,0.425889960459797,NA,0.538433609455451,0.508363541454209,5
"205","IPC-2","IPC-3",0.752869278264895,0.758949839454922,0.843153748813928,0.535999565809965,0.426183960631289,0.424932084985085,0.623681412993347,6
"206","IPC-2","IPC-4",0.678141060345842,NA,NA,NA,NA,0.423686049112373,0.550913554729107,2
"207","IPC-2","MC-1",0.649078689707427,0.423987915964462,NA,0.419903533256388,NA,NA,0.497656712976093,3
"208","IPC-2","MC-2",0.482788488987503,0.421952577837469,NA,0.418680204204847,0.425220134602618,NA,0.437160351408109,4
"209","IPC-2","MC-3",0.482788488987503,0.424275965581994,NA,0.422797876184659,NA,NA,0.443287443584719,3
"210","IPC-2","MC-4",0.427976039847912,0.42920050258594,NA,NA,NA,NA,0.428588271216926,2
"211","IPC-2","MC-5",0.552392053385595,0.557172271458938,NA,NA,NA,NA,0.554782162422267,2
"212","IPC-2","N-1",0.823204319454545,0.834221611355979,0.820656202365491,0.852533158343875,0.844869846533651,0.840583665152584,0.836011467201021,6
"213","IPC-2","N-2",0.762352472829197,0.826230674946367,0.81936920986529,0.843258904972005,0.84109786767977,0.852153089164349,0.824077036576163,6
"214","IPC-2","RG-1",0.842771933472484,0.838554557357326,0.718754203063573,0.854053435061979,0.75811556814747,0.647544436036505,0.776632355523223,6
"215","IPC-2","RG-10",0.827304432422447,0.82574928672589,0.83497358039472,0.842011795113432,0.649000871079901,0.847142992271081,0.804363826334579,6
"216","IPC-2","RG-11",0.664583820675666,0.830017710269702,NA,0.625923495634873,0.591903186055071,NA,0.678107053158828,4
"217","IPC-2","RG-2",0.828460126378565,0.822757982562514,0.842029414734187,0.753539462210613,0.805612413653742,0.818635268154051,0.811839111282279,6
"218","IPC-2","RG-3",0.840321221108036,0.838554557357326,NA,0.850068705723807,0.805324363245672,0.701080866968852,0.807069942880738,5
"219","IPC-2","RG-4",0.797813524874878,0.830040442344508,0.815340411088839,0.844019043331057,0.739165218767679,0.847040357016297,0.812236499570543,6
"220","IPC-2","RG-5",0.586579224065989,0.816599014870851,0.625962467775248,0.849884668180895,0.773288611433723,0.649530879471135,0.71697414429964,6
"221","IPC-2","RG-6",0.756742021799244,0.42920050258594,0.741533593908177,0.847504596441011,0.590198871794055,0.648620801900375,0.6689667314048,6
"222","IPC-2","RG-7",0.832419899461065,0.830040442344508,0.813061341433748,0.843236172897199,0.834534477643035,0.830028658885801,0.830553498777559,6
"223","IPC-2","RG-8",0.84000563462142,0.834286133813514,0.836375128978841,0.843258904972005,0.652034917830757,0.850644806539947,0.809434254459414,6
"224","IPC-2","RG-9",0.849280975718904,0.82148033792428,0.829486726363799,0.852533158343875,NA,0.434229054314637,0.757402050533099,5
"225","IPC-2","ULExN",0.405920365044628,0.458666312305745,0.729627968734355,0.837593849560221,NA,0.834526984866048,0.653267096102199,5
"226","IPC-3","IPC-4",0.673736743074691,NA,NA,NA,NA,0.425948296712669,0.54984251989368,2
"227","IPC-3","MC-1",0.753663107060746,0.559236027491343,NA,0.408618548709516,NA,NA,0.573839227753868,3
"228","IPC-3","MC-2",0.421423801512076,0.480753166114863,NA,0.420663667384232,0.426452353240774,NA,0.437323247062986,4
"229","IPC-3","MC-3",0.418591294450205,0.68260204828693,NA,0.42218393563992,NA,NA,0.507792426125685,3
"230","IPC-3","MC-4",0.421333493241412,0.423779843500732,NA,NA,NA,NA,0.422556668371072,2
"231","IPC-3","MC-5",0.75479715666767,0.36151782779859,NA,NA,NA,NA,0.55815749223313,2
"232","IPC-3","N-1",0.421469215154418,0.431795804466938,0.423043746943839,0.421915543030436,0.423619846178903,0.426452353240774,0.424716084835884,6
"233","IPC-3","N-2",0.407903828224014,0.513999235511116,0.421423801512076,0.42569221911293,0.42225597834688,0.424748050092306,0.43600385213322,6
"234","IPC-3","RG-1",0.434229054314637,0.523294585807622,0.674384842652926,0.852533158343875,0.853293296702927,0.845138264956748,0.697145533796456,6
"235","IPC-3","RG-10",0.413084707657236,0.447525959687579,0.423558010312503,0.538291764345828,0.426452353240774,0.428352688560383,0.446210913967384,6
"236","IPC-3","RG-11",0.429960636713784,0.431251980054392,NA,0.831191040624815,0.76076405831045,NA,0.61329192892586,4
"237","IPC-3","RG-2",0.533633234325702,0.507131944717803,0.841558179981851,0.840895365127262,0.848080697257151,0.850166826859612,0.73691104137823,6
"238","IPC-3","RG-3",0.757623848211514,0.516089122858699,NA,0.851773019984823,0.844399112510583,0.697541476147495,0.733485315942622,5
"239","IPC-3","RG-4",0.413836963224056,0.474831898159432,0.42569221911293,0.426452353240774,0.586412714494342,0.42569221911293,0.458819727890744,6
"240","IPC-3","RG-5",0.528853049881953,0.648254801428315,0.564137794399804,0.842393610454877,0.610510021433382,0.834368968486829,0.67141970768086,6
"241","IPC-3","RG-6",0.654303338814211,0.502602363960484,0.7426559156237,0.818476698292602,0.748911132901289,0.840677911914096,0.717937893584397,6
"242","IPC-3","RG-7",0.536351832708644,0.551692327102598,0.649910948650661,0.832714809666756,0.827880533238588,0.537519842528069,0.656011715649219,6
"243","IPC-3","RG-8",0.535999565809965,0.78246810996192,0.847052140475002,0.746706929384006,0.845050129123828,0.848264734800063,0.767590268259131,6
"244","IPC-3","RG-9",0.410880796309812,0.795891748146349,0.423558010312503,0.844022632601919,NA,0.609346534078581,0.616739944289833,5
"245","IPC-3","ULExN",0.393897953191083,0.48792373868437,0.421994756695822,0.420479632491452,NA,0.42569221911293,0.429997660035131,5
"246","IPC-4","MC-1",0.756227216343542,NA,NA,NA,NA,NA,0.756227216343542,1
"247","IPC-4","MC-2",0.47852006544369,NA,NA,NA,NA,NA,0.47852006544369,1
"248","IPC-4","MC-3",0.536759704169018,NA,NA,NA,NA,NA,0.536759704169018,1
"249","IPC-4","MC-4",0.480422157503239,NA,NA,NA,NA,NA,0.480422157503239,1
"250","IPC-4","MC-5",0.609339728655759,NA,NA,NA,NA,NA,0.609339728655759,1
"251","IPC-4","N-1",0.421446508333248,NA,NA,NA,NA,0.426726585623748,0.424086546978498,2
"252","IPC-4","N-2",0.428434870112117,NA,NA,NA,NA,0.42532414932737,0.426879509719744,2
"253","IPC-4","RG-1",0.482227151798011,NA,NA,NA,NA,0.64830457016435,0.56526586098118,2
"254","IPC-4","RG-10",0.429070137678924,NA,NA,NA,NA,0.414786960137743,0.421928548908333,2
"255","IPC-4","RG-11",0.480801580860104,NA,NA,NA,NA,NA,0.480801580860104,1
"256","IPC-4","RG-2",0.453909289967796,NA,NA,NA,NA,0.645663964675856,0.549786627321826,2
"257","IPC-4","RG-3",0.776054910284786,NA,NA,NA,NA,0.421423801512076,0.598739355898431,2
"258","IPC-4","RG-4",0.431179524613988,NA,NA,NA,NA,0.745590412538516,0.588384968576252,2
"259","IPC-4","RG-5",0.537980016897357,NA,NA,NA,NA,0.645303761570895,0.591641889234126,2
"260","IPC-4","RG-6",0.638472932348917,NA,NA,NA,NA,0.533992746881648,0.586232839615283,2
"261","IPC-4","RG-7",0.563057136059746,NA,NA,NA,NA,0.528961351091253,0.546009243575499,2
"262","IPC-4","RG-8",0.772278206676931,NA,NA,NA,NA,0.842011795113432,0.807145000895182,2
"263","IPC-4","RG-9",0.512508083781547,NA,NA,NA,NA,0.41402887667786,0.463268480229704,2
"264","IPC-4","ULExN",0.436698718711862,NA,NA,NA,NA,0.42569221911293,0.431195468912396,2
"265","MC-1","MC-2",0.842771933472484,0.852533158343875,NA,0.450542590590207,NA,NA,0.715282560802189,3
"266","MC-1","MC-3",0.846514676867839,0.85101288162577,NA,0.784420238241328,NA,NA,0.827315932244979,3
"267","MC-1","MC-4",0.850080699817509,0.839368541816901,NA,NA,NA,NA,0.844724620817205,2
"268","MC-1","MC-5",0.786152167624151,0.42920050258594,NA,NA,NA,NA,0.607676335105045,2
"269","MC-1","N-1",0.431862681209118,0.42569221911293,NA,0.420971374009812,NA,NA,0.426175424777287,3
"270","MC-1","N-2",0.537976177859212,0.424932084985085,NA,0.424932084985085,NA,NA,0.462613449276461,3
"271","MC-1","RG-1",0.591903186055071,0.426452353240774,NA,0.41212060605737,NA,NA,0.476825381784405,3
"272","MC-1","RG-10",0.75811556814747,0.42569221911293,NA,0.411158447044237,NA,NA,0.531655411434879,3
"273","MC-1","RG-11",0.757931530604557,0.428820435522017,NA,0.407674379688891,NA,NA,0.531475448605155,3
"274","MC-1","RG-2",0.756987354702594,0.426452353240774,NA,0.413958225415243,NA,NA,0.532465977786203,3
"275","MC-1","RG-3",0.852533158343875,0.421565657546503,NA,0.651981631600208,NA,NA,0.642026815830195,3
"276","MC-1","RG-4",0.587450724968347,0.429960636713784,NA,0.421423801512076,NA,NA,0.479611721064736,3
"277","MC-1","RG-5",0.673677055933285,0.482788488987503,NA,0.424932084985085,NA,NA,0.527132543301958,3
"278","MC-1","RG-6",0.592663324414124,0.424932084985085,NA,0.400217954434837,NA,NA,0.472604454611349,3
"279","MC-1","RG-7",0.756987354702594,0.429960636713784,NA,0.410142235316654,NA,NA,0.53236340891101,3
"280","MC-1","RG-8",0.756987354702594,0.424079933410852,NA,0.420663667384232,NA,NA,0.533910318499226,3
"281","MC-1","RG-9",0.75811556814747,0.433468920186793,NA,0.404350131108662,NA,NA,0.531978206480975,3
"282","MC-1","ULExN",0.75811556814747,0.482028350628451,NA,0.420479632491452,NA,NA,0.553541183755791,3
"283","MC-2","MC-3",0.838990481428192,0.851773019984823,NA,0.424932084985085,NA,NA,0.7052318621327,3
"284","MC-2","MC-4",0.852533158343875,0.842314729070041,NA,NA,NA,NA,0.847423943706958,2
"285","MC-2","MC-5",0.806252082669021,0.424748050092306,NA,NA,NA,NA,0.615500066380663,2
"286","MC-2","N-1",0.424748050092306,0.425220134602618,NA,0.419123120588722,0.426072286176852,NA,0.423790897865124,4
"287","MC-2","N-2",0.421423801512076,0.423987915964462,NA,0.420686374205403,0.421994756695822,NA,0.422023212094441,4
"288","MC-2","RG-1",0.429960636713784,0.425220134602618,NA,0.42569221911293,0.426452353240774,NA,0.426831335917526,4
"289","MC-2","RG-10",0.427194332585383,0.424748050092306,NA,0.419719498363609,0.42569221911293,NA,0.424338525038557,4
"290","MC-2","RG-11",0.424689134112651,0.427312164544692,NA,0.421423801512076,0.42569221911293,NA,0.424779329820587,4
"291","MC-2","RG-2",0.535999565809965,0.423085925802191,NA,0.424748050092306,0.42569221911293,NA,0.452381440204348,4
"292","MC-2","RG-3",0.42920050258594,0.479550102185457,NA,0.649150810291608,0.425220134602618,NA,0.495780387416406,4
"293","MC-2","RG-4",0.421423801512076,0.427312164544692,NA,0.421446508333248,0.426452353240774,NA,0.424158706907697,4
"294","MC-2","RG-5",0.334475226877617,0.481844313085539,NA,0.423987915964462,0.447877378819362,NA,0.422046208686745,4
"295","MC-2","RG-6",0.429960636713784,0.424460000474775,NA,0.424748050092306,0.42569221911293,NA,0.426215226598448,4
"296","MC-2","RG-7",0.650671087009713,0.42901646769316,NA,0.424748050092306,0.42871460084107,NA,0.483287551409062,4
"297","MC-2","RG-8",0.533351075646985,0.424748050092306,NA,0.423558010312503,0.538744220311837,NA,0.480100339090908,4
"298","MC-2","RG-9",0.425188162584826,0.430636413124922,NA,0.421423801512076,NA,NA,0.425749459073941,3
"299","MC-2","ULExN",0.421423801512076,0.475374406224003,NA,0.419440338332691,NA,NA,0.438746182022923,3
"300","MC-3","MC-4",0.853293296702927,0.843258904972005,NA,NA,NA,NA,0.848276100837466,2
"301","MC-3","MC-5",0.703703805528834,0.419679280541925,NA,NA,NA,NA,0.561691543035379,2
"302","MC-3","N-1",0.424932084985085,0.42569221911293,NA,0.426452353240774,NA,NA,0.42569221911293,3
"303","MC-3","N-2",0.532573704708475,0.408418276563545,NA,0.42569221911293,NA,NA,0.455561400128317,3
"304","MC-3","RG-1",0.42920050258594,0.42569221911293,NA,0.422966776588935,NA,NA,0.425953166095935,3
"305","MC-3","RG-10",0.422896746858093,0.42569221911293,NA,0.430720770841627,NA,NA,0.42643657893755,3
"306","MC-3","RG-11",0.422797876184659,0.429960636713784,NA,0.423558010312503,NA,NA,0.425438841070315,3
"307","MC-3","RG-2",0.536759704169018,0.42569221911293,NA,0.421621542858944,NA,NA,0.461357822046964,3
"308","MC-3","RG-3",0.42569221911293,0.422565711879568,NA,0.425948296712669,NA,NA,0.424735409235056,3
"309","MC-3","RG-4",0.42569221911293,0.429960636713784,NA,0.421423801512076,NA,NA,0.42569221911293,3
"310","MC-3","RG-5",0.393297366367895,0.482788488987503,NA,0.424932084985085,NA,NA,0.433672646780161,3
"311","MC-3","RG-6",0.42569221911293,0.424932084985085,NA,0.421446508333248,NA,NA,0.424023604143754,3
"312","MC-3","RG-7",0.482788488987503,0.42569221911293,NA,0.418289427598116,NA,NA,0.442256711899516,3
"313","MC-3","RG-8",0.478631716200121,0.425220134602618,NA,0.423938077376425,NA,NA,0.442596642726388,3
"314","MC-3","RG-9",0.42920050258594,0.434229054314637,NA,0.427212487368618,NA,NA,0.430214014756398,3
"315","MC-3","ULExN",0.42920050258594,0.424932084985085,NA,0.420951717001764,NA,NA,0.425028101524263,3
"316","MC-4","MC-5",0.769463632075088,0.420663667384232,NA,NA,NA,NA,0.59506364972966,2
"317","MC-4","N-1",0.481785408741497,0.429960636713784,NA,NA,NA,NA,0.45587302272764,2
"318","MC-4","N-2",0.422565711879568,0.413877860856452,NA,NA,NA,NA,0.41822178636801,2
"319","MC-4","RG-1",0.424128965496249,0.426452353240774,NA,NA,NA,NA,0.425290659368511,2
"320","MC-4","RG-10",0.426834129480421,0.419719498363609,NA,NA,NA,NA,0.423276813922015,2
"321","MC-4","RG-11",0.536759704169018,0.422797876184659,NA,NA,NA,NA,0.479778790176838,2
"322","MC-4","RG-2",0.481182295862292,0.421180850639642,NA,NA,NA,NA,0.451181573250967,2
"323","MC-4","RG-3",0.647345617386788,0.426452353240774,NA,NA,NA,NA,0.536898985313781,2
"324","MC-4","RG-4",0.419860547895395,0.42569221911293,NA,NA,NA,NA,0.422776383504162,2
"325","MC-4","RG-5",0.520187387160195,0.535815528267054,NA,NA,NA,NA,0.528001457713625,2
"326","MC-4","RG-6",0.424128965496249,0.425312152049008,NA,NA,NA,NA,0.424720558772628,2
"327","MC-4","RG-7",0.422565711879568,0.421423801512076,NA,NA,NA,NA,0.421994756695822,2
"328","MC-4","RG-8",0.479662019144188,0.42569221911293,NA,NA,NA,NA,0.452677119128559,2
"329","MC-4","RG-9",0.535796338890682,0.424689134112651,NA,NA,NA,NA,0.480242736501666,2
"330","MC-4","ULExN",0.42294577894349,0.41753716015087,NA,NA,NA,NA,0.42024146954718,2
"331","MC-5","N-1",0.534003612646303,0.382855044252186,NA,NA,NA,NA,0.458429328449244,2
"332","MC-5","N-2",0.434282942238362,0.527380294639071,NA,NA,NA,NA,0.480831618438716,2
"333","MC-5","RG-1",0.664189689470912,0.42920050258594,NA,NA,NA,NA,0.546695096028426,2
"334","MC-5","RG-10",0.43899443713147,0.418297294278714,NA,NA,NA,NA,0.428645865705092,2
"335","MC-5","RG-11",0.435370964682128,0.42883243280038,NA,NA,NA,NA,0.432101698741254,2
"336","MC-5","RG-2",0.752450512735685,0.417380154081172,NA,NA,NA,NA,0.584915333408429,2
"337","MC-5","RG-3",0.763780623559254,0.441527952315005,NA,NA,NA,NA,0.602654287937129,2
"338","MC-5","RG-4",0.438528303175117,0.424932084985085,NA,NA,NA,NA,0.431730194080101,2
"339","MC-5","RG-5",0.725633518301166,0.52815221645683,NA,NA,NA,NA,0.626892867378998,2
"340","MC-5","RG-6",0.43849747191549,0.424932084985085,NA,NA,NA,NA,0.431714778450288,2
"341","MC-5","RG-7",0.436517555369543,0.434348277718289,NA,NA,NA,NA,0.435432916543916,2
"342","MC-5","RG-8",0.756227216343542,0.455571142318905,NA,NA,NA,NA,0.605899179331223,2
"343","MC-5","RG-9",0.751690374376633,0.725669652043871,NA,NA,NA,NA,0.738680013210252,2
"344","MC-5","ULExN",0.831711415064702,0.386516326577404,NA,NA,NA,NA,0.609113870821053,2
"345","N-1","N-2",0.826610744125894,0.819236836651654,0.842314729070041,0.852153089164349,0.837056385953056,0.843667500140375,0.836839880850895,6
"346","N-1","RG-1",0.42569221911293,0.42569221911293,0.648148309628389,0.426452353240774,0.425312152049008,0.425078278568191,0.46272925528537,6
"347","N-1","RG-10",0.748363335095264,0.424932084985085,0.756411253886453,0.845772690534144,0.42569221911293,0.428260671113994,0.604905375787978,6
"348","N-1","RG-11",0.429960636713784,0.421446508333248,NA,0.746746193353953,0.423987915964462,NA,0.505535313591362,4
"349","N-1","RG-2",0.537673475327607,0.426452353240774,0.74110810282705,0.70133366617289,0.422845697954038,0.74232069715211,0.595288998779078,6
"350","N-1","RG-3",0.591903186055071,0.653923269634685,NA,0.752332704047601,0.426367995524068,0.426452353240774,0.57019590170044,5
"351","N-1","RG-4",0.838608403457849,0.838990481428192,0.852533158343875,0.853293296702927,0.526996679415852,0.848917049773916,0.793223178187102,6
"352","N-1","RG-5",0.448758594257207,0.819447737805185,0.729279550688273,0.851588982441911,0.415031466973122,0.44931470950073,0.618903506944405,6
"353","N-1","RG-6",0.42569221911293,0.42569221911293,0.424564015199526,0.422859712051059,0.424564015199526,0.425449268240495,0.424803574819411,6
"354","N-1","RG-7",0.851773019984823,0.542630828514204,0.794630745931024,0.843236172897199,0.531725693145402,0.850166826859612,0.735693881222044,6
"355","N-1","RG-8",0.550687739124579,0.649654846090873,0.480139998824523,0.423938077376425,0.428072298672536,0.537801514127477,0.511715745702735,6
"356","N-1","RG-9",0.427594263608264,0.631717087766146,0.482028350628451,0.421731508137656,NA,0.429878084343247,0.478589858896753,5
"357","N-1","ULExN",0.425737632755273,0.471884678594475,0.852533158343875,0.852533158343875,NA,0.853293296702927,0.691196384948085,5
"358","N-2","RG-1",0.641541430707333,0.633639267713214,0.756227216343542,0.752225133743274,0.426452353240774,0.539702136469421,0.624964589702926,6
"359","N-2","RG-10",0.831572855966259,0.826738579538091,0.853293296702927,0.844252413816038,0.743514543670101,0.851404944898999,0.825129439098736,6
"360","N-2","RG-11",0.420663667384232,0.724243145639108,NA,0.647114310872294,0.424748050092306,NA,0.554192293496985,4
"361","N-2","RG-2",0.780957389142939,0.733115689055661,0.82717871964079,0.845520080298192,0.844756186986405,0.848520837359851,0.813341483747306,6
"362","N-2","RG-3",0.795267239439943,0.747682078121048,NA,0.757053583557421,0.751862628460839,0.845418204209651,0.779456746757781,5
"363","N-2","RG-4",0.823667784137886,0.818476698292602,0.844946335457908,0.852533158343875,0.826988292402128,0.852533158343875,0.836524237829712,6
"364","N-2","RG-5",0.438583658840501,0.807323673773369,0.730223726590237,0.851588982441911,0.734050996229082,0.545378975339912,0.684525002202502,6
"365","N-2","RG-6",0.42569221911293,0.734645612455854,0.747958787679014,0.539886174012333,0.417734901497737,0.538056462278274,0.56732902617269,6
"366","N-2","RG-7",0.832949267877351,0.812955098070514,0.836469225386207,0.843236172897199,0.738183822552003,0.844019043331057,0.817968771685722,6
"367","N-2","RG-8",0.540328769087854,0.747382686862873,0.751979277983349,0.844186197098856,0.753382905178943,0.758299605690381,0.732593240317043,6
"368","N-2","RG-9",0.412126832182525,0.825318170117711,0.430720770841627,0.539886174012333,NA,0.434168691154657,0.528444127661771,5
"369","N-2","ULExN",0.412172245824868,0.451684500957698,0.851588982441911,0.849700630637983,NA,0.564137794399804,0.625856830852453,5
"370","RG-1","RG-10",0.843074867429092,0.84399631125625,0.828634818657351,0.832273302316847,0.705776477004123,0.846856319473385,0.816768682689508,6
"371","RG-1","RG-11",0.852533158343875,0.853293296702927,NA,0.544805230499628,0.850828844082859,NA,0.775365132407322,4
"372","RG-1","RG-2",0.840892573487741,0.837359512571941,0.822001829257095,0.846684065389179,0.843258904972005,0.817460783467787,0.834609611524291,6
"373","RG-1","RG-3",0.848258576868409,0.853293296702927,NA,0.782480104055623,0.852533158343875,0.648489764510696,0.797010980096306,5
"374","RG-1","RG-4",0.844019043331057,0.852153089164349,0.848646550141507,0.849516593095071,0.782718558778268,0.848434920952744,0.837581459243833,6
"375","RG-1","RG-5",0.588514634053132,0.698795774417734,0.750397925158778,0.827521399597351,0.689158779975116,0.815432820474995,0.728303555612851,6
"376","RG-1","RG-6",0.84214722342227,0.852533158343875,0.818526293978027,0.854053435061979,0.853293296702927,0.840509983404924,0.843510565152334,6
"377","RG-1","RG-7",0.840407348150139,0.823864343462105,0.80738138660077,0.835458938910829,0.813344067957274,0.84733429915372,0.82796506403914,6
"378","RG-1","RG-8",0.828124299999981,0.852533158343875,0.822286113810771,0.840510758146297,0.844779181690109,0.842371966105683,0.838434246349453,6
"379","RG-1","RG-9",0.837361556228176,0.825443786930875,0.773112477984382,0.664228326679889,NA,0.757997759459385,0.771628781456542,5
"380","RG-1","ULExN",0.42569221911293,0.435209278292507,0.535999565809965,0.483456608575099,NA,0.42569221911293,0.461209978180686,5
"381","RG-10","RG-11",0.839188259226725,0.834722057884381,NA,0.832346734580932,0.425220134602618,NA,0.732869296573664,4
"382","RG-10","RG-2",0.82922418635076,0.835181504986088,0.816110366808338,0.827179282108605,0.842890829886181,0.844270878825635,0.832476174827601,6
"383","RG-10","RG-3",0.843074867429092,0.846560420539046,NA,0.829441608661069,0.661075535490905,0.42569221911293,0.721168930246609,5
"384","RG-10","RG-4",0.822340311791265,0.826230674946367,0.852533158343875,0.838693395771277,0.828511090023524,0.851588982441911,0.836649602219703,6
"385","RG-10","RG-5",0.537586811816858,0.811490483857539,0.643371105117783,0.83917926740754,0.45861580324251,0.640677858900549,0.65515355505713,6
"386","RG-10","RG-6",0.840132435128689,0.846560420539046,0.793946697317286,0.834257043718292,0.41969641593243,0.849024873159115,0.763936314299143,6
"387","RG-10","RG-7",0.836754539722061,0.825260224271164,0.833991830141859,0.789853009281599,0.807942381907873,0.83001212699066,0.820635685385869,6
"388","RG-10","RG-8",0.829808849696778,0.854053435061979,0.845190431786349,0.821832850916201,0.843533159557149,0.839472411121129,0.838981856356598,6
"389","RG-10","RG-9",0.83621960252768,0.822238910585924,0.852533158343875,0.541511606888514,NA,0.429960636713784,0.696492783011955,5
"390","RG-10","ULExN",0.418297294278714,0.412126832182525,0.539702136469421,0.844252413816038,NA,0.42569221911293,0.528014179171926,5
"391","RG-11","RG-2",0.831872676513741,0.812995680423729,NA,0.434706781735975,0.836602242965838,NA,0.729044345409821,4
"392","RG-11","RG-3",0.838000561855021,0.845706473816961,NA,0.398799547353499,0.829067074042559,NA,0.72789341426701,4
"393","RG-11","RG-4",0.5914943445792,0.835504928318239,NA,0.752512862225379,0.529871022032379,NA,0.677345789288799,4
"394","RG-11","RG-5",0.570300434844989,0.688335914623527,NA,0.42901646769316,0.679613861288964,NA,0.59181666961266,4
"395","RG-11","RG-6",0.842130691527129,0.838990481428192,NA,0.540567430986549,0.761892271755326,NA,0.745895218924299,4
"396","RG-11","RG-7",0.835772595682421,0.801807551533604,NA,0.834616901726305,0.740477809497793,NA,0.803168714610031,4
"397","RG-11","RG-8",0.824719820618785,0.834744789959186,NA,0.640907360593072,0.645711000852862,NA,0.736520743005976,4
"398","RG-11","RG-9",0.832148956782399,0.83001212699066,NA,0.410998628269122,NA,NA,0.691053237347394,3
"399","RG-11","ULExN",0.42569221911293,0.424687846224928,NA,0.63086318447372,NA,NA,0.493747749937193,3
"400","RG-2","RG-3",0.851588982441911,0.85054514987722,NA,0.803016356522665,0.849406688500559,0.73798604475347,0.818508644419165,5
"401","RG-2","RG-4",0.815920549136242,0.830372297982911,0.82404533241412,0.844756449615303,0.828327052480612,0.837954889623773,0.83022942854216,6
"402","RG-2","RG-5",0.560641222612182,0.725977133350908,0.782253865500064,0.850828844082859,0.715672746429786,0.831191040624815,0.744427475433436,6
"403","RG-2","RG-6",0.822185866800007,0.844019043331057,0.805026643017376,0.838147218301555,0.844019043331057,0.850460768997035,0.833976430629681,6
"404","RG-2","RG-7",0.828281537956403,0.82253957069301,0.817260385398041,0.839472411121129,0.838863993905162,0.794944103017022,0.823560333681795,6
"405","RG-2","RG-8",0.844979751128163,0.845706473816961,0.81744948389013,0.825828393911841,0.83626506667729,0.842436127028987,0.835444216075562,6
"406","RG-2","RG-9",0.764908837004129,0.842502355883815,0.826411663898384,0.434172109506108,NA,0.648912859757177,0.703381565209923,5
"407","RG-2","ULExN",0.531525460374048,0.432082771059144,0.532952027726083,0.751678590917927,NA,0.42569221911293,0.534786213838026,5
"408","RG-3","RG-4",0.852533158343875,0.835504928318239,NA,0.806268539147636,0.836601417869124,0.538411005815345,0.773863809898844,5
"409","RG-3","RG-5",0.691008821157886,0.819447737805185,NA,0.847702374239543,0.772503036544433,0.791702907084887,0.784472975366387,5
"410","RG-3","RG-6",0.846280218657244,0.835672082086037,NA,0.845314398406087,0.821894055178138,0.846934331786919,0.839219017222885,5
"411","RG-3","RG-7",0.845754538508787,0.838248808078736,NA,0.711300580929261,0.805425741312875,0.640173823101284,0.768180698386188,5
"412","RG-3","RG-8",0.839727887712439,0.851588982441911,NA,0.60674477415653,0.853293296702927,0.851588982441911,0.800588784691143,5
"413","RG-3","RG-9",0.836301238724253,0.832252745693266,NA,0.583344882396521,NA,0.417155383911223,0.667263562681316,4
"414","RG-3","ULExN",0.751467072863774,0.458609721389795,NA,0.778127299631626,NA,0.527670862904173,0.628968739197342,4
"415","RG-4","RG-5",0.387150866801144,0.80638699058244,0.734760568557145,0.852533158343875,0.590752253947702,0.849516593095071,0.703516738554563,6
"416","RG-4","RG-6",0.853293296702927,0.826230674946367,0.839727887712439,0.540646312371385,0.525098562689303,0.850644806539947,0.739273590160395,6
"417","RG-4","RG-7",0.851404944898999,0.844019043331057,0.828275194896819,0.834744789959186,0.789426068069387,0.83419267733045,0.830343786414316,6
"418","RG-4","RG-8",0.835250794899099,0.844779181690109,0.76850235626772,0.843258904972005,0.837361556228176,0.852533158343875,0.83028099206683,6
"419","RG-4","RG-9",0.403658117444332,0.83001212699066,0.851773019984823,0.661947911602733,NA,0.439257606043334,0.637329756413176,5
"420","RG-4","ULExN",0.417493090952698,0.457073255791357,0.543012643855649,0.844779181690109,NA,0.435749322570324,0.539621498972027,5
"421","RG-5","RG-6",0.564807633517411,0.732257160758086,0.800615839926148,0.841203047520307,0.613106931763107,0.82576036870195,0.729625163697835,6
"422","RG-5","RG-7",0.769900508991856,0.814037097931978,0.804876236570005,0.825565249182978,0.821356574792734,0.850166826859612,0.814317082388194,6
"423","RG-5","RG-8",0.67676765468853,0.787567714920126,0.808530842526425,0.814988620540924,0.783750820064313,0.842393610454877,0.785666543865866,6
"424","RG-5","RG-9",0.665268499781347,0.825336094729829,0.817381851708353,0.852533158343875,NA,0.832471553423755,0.798598231597432,5
"425","RG-5","ULExN",0.642876226255784,0.443323944057148,0.632580120987154,0.850644806539947,NA,0.591903186055071,0.632265656779021,5
"426","RG-6","RG-7",0.839647209791087,0.837488669719684,0.840027278970613,0.838503509928672,0.831491504033472,0.843447690951352,0.838434310565813,6
"427","RG-6","RG-8",0.826411663898384,0.848264734800063,0.831885987480054,0.845539320049161,0.831241840207207,0.842113807752016,0.837576225697814,6
"428","RG-6","RG-9",0.830476366415374,0.824683648571823,0.549265583542279,0.847320558898099,NA,0.761892271755326,0.76272768583658,5
"429","RG-6","ULExN",0.42569221911293,0.424552017921164,0.419903533256388,0.482316401036521,NA,0.42569221911293,0.435631278087986,5
"430","RG-7","RG-8",0.835723736048727,0.836343572499695,0.834831139980019,0.826580766393822,0.839250173258843,0.841507759314168,0.835706191249212,6
"431","RG-7","RG-9",0.834347324137635,0.802823792452444,0.841387085063219,0.427976039847912,NA,0.425227890502746,0.666352426400791,5
"432","RG-7","ULExN",0.534206219179355,0.427814353458291,0.730223726590237,0.842107959452323,NA,0.42569221911293,0.592008895558627,5
"433","RG-8","RG-9",0.829887731081615,0.833498767826226,0.79305007652014,0.551628160073807,NA,0.757237621100334,0.753060471320424,5
"434","RG-8","ULExN",0.524336248879026,0.451822978588905,0.422925914984529,0.479280203802743,NA,0.481025270382444,0.471878123327529,5
"435","RG-9","ULExN",0.531266902841439,0.448557993724336,0.424460000474775,0.534673574566557,NA,0.42569221911293,0.472930138144007,5
"436","ChP-1","Unknown-1",NA,0.424932084985085,NA,NA,0.424932084985085,NA,0.424932084985085,2
"437","ChP-2","Unknown-1",NA,0.424932084985085,NA,NA,0.427212487368618,NA,0.426072286176851,2
"438","ChP-3","Unknown-1",NA,0.415451080762755,NA,NA,NA,NA,0.415451080762755,1
"439","DLExN","Unknown-1",NA,0.416422742337856,NA,NA,NA,NA,0.416422742337856,1
"440","DLX5InH","Unknown-1",NA,0.42569221911293,NA,NA,0.42569221911293,NA,0.42569221911293,2
"441","GB","Unknown-1",NA,0.419903533256388,NA,NA,0.42569221911293,NA,0.422797876184659,2
"442","IPC-1","Unknown-1",NA,0.523493686436704,NA,NA,0.42569221911293,NA,0.474592952774817,2
"443","IPC-2","Unknown-1",NA,0.474452586867389,NA,NA,0.425980268730462,NA,0.450216427798926,2
"444","IPC-3","Unknown-1",NA,0.512255594384591,NA,NA,0.426452353240774,NA,0.469353973812682,2
"445","MC-1","Unknown-1",NA,0.424932084985085,NA,NA,NA,NA,0.424932084985085,1
"446","MC-2","Unknown-1",NA,0.423987915964462,NA,NA,0.42569221911293,NA,0.424840067538696,2
"447","MC-3","Unknown-1",NA,0.424932084985085,NA,NA,NA,NA,0.424932084985085,1
"448","MC-4","Unknown-1",NA,0.420663667384232,NA,NA,NA,NA,0.420663667384232,1
"449","MC-5","Unknown-1",NA,0.742564337386677,NA,NA,NA,NA,0.742564337386677,1
"450","N-1","Unknown-1",NA,0.424932084985085,NA,NA,0.42569221911293,NA,0.425312152049008,2
"451","N-2","Unknown-1",NA,0.396263192610117,NA,NA,0.421994756695822,NA,0.409128974652969,2
"452","RG-1","Unknown-1",NA,0.42569221911293,NA,NA,0.426452353240774,NA,0.426072286176852,2
"453","RG-10","Unknown-1",NA,0.416395249783379,NA,NA,0.42569221911293,NA,0.421043734448154,2
"454","RG-11","Unknown-1",NA,0.420663667384232,NA,NA,0.424932084985085,NA,0.422797876184659,2
"455","RG-2","Unknown-1",NA,0.413143043910109,NA,NA,0.429960636713784,NA,0.421551840311946,2
"456","RG-3","Unknown-1",NA,0.424932084985085,NA,NA,0.424460000474775,NA,0.42469604272993,2
"457","RG-4","Unknown-1",NA,0.424932084985085,NA,NA,0.434989188442481,NA,0.429960636713783,2
"458","RG-5","Unknown-1",NA,0.470087998984686,NA,NA,0.436540367604096,NA,0.453314183294391,2
"459","RG-6","Unknown-1",NA,0.424932084985085,NA,NA,0.42569221911293,NA,0.425312152049008,2
"460","RG-7","Unknown-1",NA,0.41585178715411,NA,NA,0.430720770841627,NA,0.423286278997869,2
"461","RG-8","Unknown-1",NA,0.424932084985085,NA,NA,0.42569221911293,NA,0.425312152049008,2
"462","RG-9","Unknown-1",NA,0.411662503572342,NA,NA,NA,NA,0.411662503572342,1
"463","ULExN","Unknown-1",NA,0.403589996980818,NA,NA,NA,NA,0.403589996980818,1
"464","DLExN","IPC-5",NA,NA,0.42569221911293,NA,NA,NA,0.42569221911293,1
"465","DLExN","N-3",NA,NA,0.853293296702927,0.852533158343875,NA,0.71554128953974,0.807122581528847,3
"466","DLExN","N-4",NA,NA,0.845706473816961,0.854053435061979,NA,0.749757175323715,0.816505694734218,3
"467","DLExN","N-5",NA,NA,0.853293296702927,0.847996316376967,NA,0.739947953079551,0.813745855386482,3
"468","DLExN","RELNInH",NA,NA,0.843153748813928,0.834744789959186,NA,0.851773019984823,0.843223852919312,3
"469","DLX5InH","IPC-5",NA,NA,0.75629344519837,NA,NA,NA,0.75629344519837,1
"470","DLX5InH","N-3",NA,NA,0.772462244219842,0.853293296702927,NA,0.815710298167277,0.813821946363349,3
"471","DLX5InH","N-4",NA,NA,0.638927943610362,0.845923927030126,NA,0.837025205036343,0.77395902522561,3
"472","DLX5InH","N-5",NA,NA,0.851773019984823,0.729840696095521,0.723378748496053,0.823263705382989,0.782064042489846,4
"473","DLX5InH","RELNInH",NA,NA,0.836900809127297,0.835504928318239,0.849766859492811,0.850644806539947,0.843204350869573,4
"474","GB","IPC-5",NA,NA,0.42569221911293,NA,NA,NA,0.42569221911293,1
"475","GB","N-3",NA,NA,0.81967445211263,0.853293296702927,NA,0.851404944898999,0.841457564571519,3
"476","GB","N-4",NA,NA,0.424318144440347,0.482028350628451,NA,0.429960636713784,0.445435710594194,3
"477","GB","N-5",NA,NA,0.852533158343875,0.826227626355471,0.710317983723842,0.687997659071586,0.769269106873694,4
"478","GB","RELNInH",NA,NA,0.422565711879568,0.42569221911293,0.422797876184659,0.427212487368618,0.424567073636444,4
"479","IPC-1","IPC-5",NA,NA,0.826577223695388,NA,NA,NA,0.826577223695388,1
"480","IPC-1","N-3",NA,NA,0.853293296702927,0.851773019984823,NA,0.852349120800963,0.852471812496238,3
"481","IPC-1","N-4",NA,NA,0.47852006544369,0.745094826592293,NA,0.533927176463125,0.58584735616637,3
"482","IPC-1","N-5",NA,NA,0.852913227523401,0.844861942440078,0.853293296702927,0.853293296702927,0.851090440842333,4
"483","IPC-1","RELNInH",NA,NA,0.840787417329666,0.852533158343875,0.421423801512076,0.535617750468521,0.662590531913535,4
"484","IPC-2","IPC-5",NA,NA,0.743862600282259,NA,NA,NA,0.743862600282259,1
"485","IPC-2","N-3",NA,NA,0.851773019984823,0.851773019984823,NA,0.820431177677098,0.841325739215581,3
"486","IPC-2","N-4",NA,NA,0.823217856675465,0.847996316376967,NA,0.837359512571941,0.836191228541457,3
"487","IPC-2","N-5",NA,NA,0.852533158343875,0.838233932340003,0.71667584132621,0.790003834531038,0.799361691635281,4
"488","IPC-2","RELNInH",NA,NA,0.824038638126919,0.843236172897199,0.848940492278931,0.850526997851863,0.841685575288728,4
"489","IPC-3","IPC-5",NA,NA,0.741226224499372,NA,NA,NA,0.741226224499372,1
"490","IPC-3","N-3",NA,NA,0.821680612604642,0.853293296702927,NA,0.753210651094737,0.809394853467436,3
"491","IPC-3","N-4",NA,NA,0.420663667384232,0.422565711879568,NA,0.641400422908705,0.494876600724168,3
"492","IPC-3","N-5",NA,NA,0.847812278834055,0.852913227523401,0.762949845707558,0.637235805168457,0.775227789308368,4
"493","IPC-3","RELNInH",NA,NA,0.473799185933871,0.742170087417097,0.422554925312224,0.424932084985085,0.515864070912069,4
"494","IPC-5","N-1",NA,NA,0.64850848062064,NA,NA,NA,0.64850848062064,1
"495","IPC-5","N-2",NA,NA,0.755047423065409,NA,NA,NA,0.755047423065409,1
"496","IPC-5","N-3",NA,NA,0.739419500445686,NA,NA,NA,0.739419500445686,1
"497","IPC-5","N-4",NA,NA,0.421423801512076,NA,NA,NA,0.421423801512076,1
"498","IPC-5","N-5",NA,NA,0.852533158343875,NA,NA,NA,0.852533158343875,1
"499","IPC-5","RELNInH",NA,NA,0.593069113871611,NA,NA,NA,0.593069113871611,1
"500","IPC-5","RG-1",NA,NA,0.537119875161269,NA,NA,NA,0.537119875161269,1
"501","IPC-5","RG-10",NA,NA,0.42920050258594,NA,NA,NA,0.42920050258594,1
"502","IPC-5","RG-2",NA,NA,0.649150810291608,NA,NA,NA,0.649150810291608,1
"503","IPC-5","RG-4",NA,NA,0.432524751166169,NA,NA,NA,0.432524751166169,1
"504","IPC-5","RG-5",NA,NA,0.467616260993622,NA,NA,NA,0.467616260993622,1
"505","IPC-5","RG-6",NA,NA,0.526136727478933,NA,NA,NA,0.526136727478933,1
"506","IPC-5","RG-7",NA,NA,0.64804838676336,NA,NA,NA,0.64804838676336,1
"507","IPC-5","RG-8",NA,NA,0.413149629235338,NA,NA,NA,0.413149629235338,1
"508","IPC-5","RG-9",NA,NA,0.428256333565316,NA,NA,NA,0.428256333565316,1
"509","IPC-5","ULExN",NA,NA,0.756031184706927,NA,NA,NA,0.756031184706927,1
"510","N-1","N-3",NA,NA,0.769511907825866,0.820051108497571,NA,0.823079667840077,0.804214228054505,3
"511","N-1","N-4",NA,NA,0.842297845294928,0.851773019984823,NA,0.847274815226891,0.847115226835547,3
"512","N-1","N-5",NA,NA,0.851773019984823,0.845806118342043,0.523103508445941,0.614714861922114,0.70884937717373,4
"513","N-1","RELNInH",NA,NA,0.84171187859746,0.834744789959186,0.845754538508787,0.849024873159115,0.842809020056137,4
"514","N-2","N-3",NA,NA,0.851773019984823,0.746233183671151,NA,0.78194946603763,0.793318556564535,3
"515","N-2","N-4",NA,NA,0.845735351685776,0.851773019984823,NA,0.837359512571941,0.84495596141418,3
"516","N-2","N-5",NA,NA,0.828928760794773,0.844861942440078,0.773982520937947,0.781678447130286,0.807362917825771,4
"517","N-2","RELNInH",NA,NA,0.841946653984216,0.83643222044509,0.843236172897199,0.841093142925794,0.840677047563075,4
"518","N-3","N-4",NA,NA,0.795594553817962,0.851773019984823,NA,0.812117632102333,0.819828401968372,3
"519","N-3","N-5",NA,NA,0.851773019984823,0.844415644405724,NA,0.76283644765729,0.819675037349279,3
"520","N-3","RELNInH",NA,NA,0.851773019984823,0.819671039318044,NA,0.821375353579061,0.830939804293976,3
"521","N-3","RG-1",NA,NA,0.784998520001935,0.673838493500988,NA,0.621048677156878,0.693295230219934,3
"522","N-3","RG-10",NA,NA,0.852533158343875,0.842011795113432,NA,0.852533158343875,0.849026037267061,3
"523","N-3","RG-2",NA,NA,0.821375353579061,0.849766859492811,NA,0.848572417193107,0.839904876754993,3
"524","N-3","RG-4",NA,NA,0.836666205553398,0.849406688500559,NA,0.851969051621437,0.846013981891798,3
"525","N-3","RG-5",NA,NA,0.761105135302933,0.851773019984823,NA,0.850526997851863,0.82113505104654,3
"526","N-3","RG-6",NA,NA,0.851773019984823,0.711577402920149,NA,0.778483591258744,0.780611338054572,3
"527","N-3","RG-7",NA,NA,0.828928760794773,0.788539877668505,NA,0.822135491938113,0.813201376800464,3
"528","N-3","RG-8",NA,NA,0.781719965696571,0.645908714760315,NA,0.786624882749303,0.73808452106873,3
"529","N-3","RG-9",NA,NA,0.851773019984823,0.853109259160015,NA,0.755099002898666,0.819993760681168,3
"530","N-3","ULExN",NA,NA,0.852153089164349,0.821375353579061,NA,0.674742180887081,0.782756874543497,3
"531","N-4","N-5",NA,NA,0.851773019984823,0.835157922928996,NA,0.760619233558064,0.815850058823961,3
"532","N-4","RELNInH",NA,NA,0.744727862361938,0.839727887712439,NA,0.847040357016297,0.810498702363558,3
"533","N-4","RG-1",NA,NA,0.482316401036521,0.746615103310398,NA,0.647544436036505,0.625491980127808,3
"534","N-4","RG-10",NA,NA,0.697729942896209,0.843996048627353,NA,0.84226789767322,0.79466462973226,3
"535","N-4","RG-2",NA,NA,0.476236158042697,0.842393610454877,NA,0.849024873159115,0.722551547218896,3
"536","N-4","RG-4",NA,NA,0.845706473816961,0.840787417329666,NA,0.847122518470667,0.844538803205765,3
"537","N-4","RG-5",NA,NA,0.630808455451651,0.755529427474184,NA,0.539235940247792,0.641857941057876,3
"538","N-4","RG-6",NA,NA,0.423472846093157,0.844674025532033,NA,0.430720770841627,0.566289214155606,3
"539","N-4","RG-7",NA,NA,0.794918796339094,0.838037313707043,NA,0.838119650930993,0.82369192032571,3
"540","N-4","RG-8",NA,NA,0.422554925312224,0.642282684778551,NA,0.653923269634685,0.57292029324182,3
"541","N-4","RG-9",NA,NA,0.430720770841627,0.839645463629169,NA,0.75604317880063,0.675469804423809,3
"542","N-4","ULExN",NA,NA,0.429776601821004,0.839267140611561,NA,0.847040357016297,0.705361366482954,3
"543","N-5","RELNInH",NA,NA,0.841963185879358,0.847052140475002,0.456347507283236,0.852533158343875,0.749473997995368,4
"544","N-5","RG-1",NA,NA,0.852533158343875,0.832638221745534,0.758623684398836,0.595399000509123,0.759798516249342,4
"545","N-5","RG-10",NA,NA,0.852533158343875,0.81974442823988,0.433086836304212,0.791988431396908,0.724338213571219,4
"546","N-5","RG-2",NA,NA,0.844979751128163,0.764490603320518,0.849582821949899,0.853293296702927,0.828086618275377,4
"547","N-5","RG-4",NA,NA,0.845739889487215,0.824719820618785,0.740501019544394,0.783306471269503,0.798566800229974,4
"548","N-5","RG-5",NA,NA,0.852533158343875,0.83451457945576,0.846280218657244,0.681371335992722,0.8036748231124,4
"549","N-5","RG-6",NA,NA,0.846868102932091,0.830890598851045,0.575876771555692,0.501763601800449,0.688849768784819,4
"550","N-5","RG-7",NA,NA,0.852533158343875,0.705536746641441,0.760768710931779,0.852533158343875,0.792842943565243,4
"551","N-5","RG-8",NA,NA,0.843091399324235,0.574319198222164,0.600366640127681,0.769092252906786,0.696717372645216,4
"552","N-5","RG-9",NA,NA,0.851773019984823,0.420945998438581,NA,0.527380294639071,0.600033104354158,3
"553","N-5","ULExN",NA,NA,0.851773019984823,0.772286738663394,NA,0.794734573255053,0.80626477730109,3
"554","RELNInH","RG-1",NA,NA,0.524848453998602,0.42901646769316,0.422797876184659,0.754805060761242,0.532866964659416,4
"555","RELNInH","RG-10",NA,NA,0.833774339283982,0.842011795113432,0.420663667384232,0.591143047696019,0.671898212369416,4
"556","RELNInH","RG-2",NA,NA,0.823160691079782,0.745494335058945,0.420663667384232,0.832693165317563,0.705502964710131,4
"557","RELNInH","RG-4",NA,NA,0.834894648635286,0.842854094926855,0.417200797553565,0.851588982441911,0.736634630889404,4
"558","RELNInH","RG-5",NA,NA,0.823866384042713,0.84399631125625,0.348697623358817,0.536379634989492,0.638234988411818,4
"559","RELNInH","RG-6",NA,NA,0.62961553213419,0.420099565427531,0.421234622567978,0.423803881071683,0.473688400300345,4
"560","RELNInH","RG-7",NA,NA,0.813061341433748,0.842291996995235,0.422554925312224,0.536377888827573,0.653571538142195,4
"561","RELNInH","RG-8",NA,NA,0.474181001275315,0.419903533256388,0.425188162584826,0.481844313085539,0.450279252550517,4
"562","RELNInH","RG-9",NA,NA,0.421805577751723,0.416395249783379,NA,0.752142830342641,0.530114552625914,3
"563","RELNInH","ULExN",NA,NA,0.807403030949964,0.833800614057223,NA,0.42569221911293,0.688965288040039,3
"564","ChP-1","MC-7",NA,NA,NA,0.419440338332691,NA,NA,0.419440338332691,1
"565","ChP-1","N-3",NA,NA,NA,0.79512246586698,NA,0.851588982441911,0.823355724154445,2
"566","ChP-1","N-4",NA,NA,NA,0.744091746346287,NA,0.851404944898999,0.797748345622643,2
"567","ChP-1","N-5",NA,NA,NA,0.792289938161088,0.75894193536135,0.853293296702927,0.801508390075122,3
"568","ChP-1","RELNInH",NA,NA,NA,0.422925914984529,0.420663667384232,0.424932084985085,0.422840555784615,3
"569","ChP-2","MC-7",NA,NA,NA,0.424748050092306,NA,NA,0.424748050092306,1
"570","ChP-2","N-3",NA,NA,NA,0.73693598816623,NA,0.790609612087476,0.763772800126853,2
"571","ChP-2","N-4",NA,NA,NA,0.844779181690109,NA,0.852349120800963,0.848564151245536,2
"572","ChP-2","N-5",NA,NA,NA,0.783733016479887,0.76076405831045,0.756489476834984,0.76699551720844,3
"573","ChP-2","RELNInH",NA,NA,NA,0.843236172897199,0.42569221911293,0.426452353240774,0.565126915083634,3
"574","ChP-3","MC-7",NA,NA,NA,0.344800552171749,NA,NA,0.344800552171749,1
"575","ChP-3","N-3",NA,NA,NA,0.853293296702927,NA,NA,0.853293296702927,1
"576","ChP-3","N-4",NA,NA,NA,0.420193026706289,NA,NA,0.420193026706289,1
"577","ChP-3","N-5",NA,NA,NA,0.596990254999698,NA,NA,0.596990254999698,1
"578","ChP-3","RELNInH",NA,NA,NA,0.510212874319513,NA,NA,0.510212874319513,1
"579","DLExN","MC-7",NA,NA,NA,0.423423814007761,NA,NA,0.423423814007761,1
"580","DLX5InH","MC-7",NA,NA,NA,0.42569221911293,NA,NA,0.42569221911293,1
"581","GB","MC-7",NA,NA,NA,0.420072433660665,NA,NA,0.420072433660665,1
"582","IPC-1","MC-7",NA,NA,NA,0.421423801512076,NA,NA,0.421423801512076,1
"583","IPC-2","MC-7",NA,NA,NA,0.42028360032031,NA,NA,0.42028360032031,1
"584","IPC-3","MC-7",NA,NA,NA,0.419417631511519,NA,NA,0.419417631511519,1
"585","MC-1","MC-7",NA,NA,NA,0.384691811146218,NA,NA,0.384691811146218,1
"586","MC-1","N-3",NA,NA,NA,0.637873985698588,NA,NA,0.637873985698588,1
"587","MC-1","N-4",NA,NA,NA,0.415552563284999,NA,NA,0.415552563284999,1
"588","MC-1","N-5",NA,NA,NA,0.584593573924959,NA,NA,0.584593573924959,1
"589","MC-1","RELNInH",NA,NA,NA,0.416395249783379,NA,NA,0.416395249783379,1
"590","MC-2","MC-7",NA,NA,NA,0.423558010312503,NA,NA,0.423558010312503,1
"591","MC-2","N-3",NA,NA,NA,0.850828844082859,NA,NA,0.850828844082859,1
"592","MC-2","N-4",NA,NA,NA,0.424932084985085,NA,NA,0.424932084985085,1
"593","MC-2","N-5",NA,NA,NA,0.756411253886453,0.539184666191678,NA,0.647797960039065,2
"594","MC-2","RELNInH",NA,NA,NA,0.424932084985085,0.420663667384232,NA,0.422797876184659,2
"595","MC-3","MC-7",NA,NA,NA,0.417365045511919,NA,NA,0.417365045511919,1
"596","MC-3","N-3",NA,NA,NA,0.848572417193107,NA,NA,0.848572417193107,1
"597","MC-3","N-4",NA,NA,NA,0.421805577751723,NA,NA,0.421805577751723,1
"598","MC-3","N-5",NA,NA,NA,0.441245621260656,NA,NA,0.441245621260656,1
"599","MC-3","RELNInH",NA,NA,NA,0.42920050258594,NA,NA,0.42920050258594,1
"600","MC-7","N-1",NA,NA,NA,0.424748050092306,NA,NA,0.424748050092306,1
"601","MC-7","N-2",NA,NA,NA,0.42569221911293,NA,NA,0.42569221911293,1
"602","MC-7","N-3",NA,NA,NA,0.848520837359851,NA,NA,0.848520837359851,1
"603","MC-7","N-4",NA,NA,NA,0.42055954187901,NA,NA,0.42055954187901,1
"604","MC-7","N-5",NA,NA,NA,0.428443288344841,NA,NA,0.428443288344841,1
"605","MC-7","RELNInH",NA,NA,NA,0.418657497383675,NA,NA,0.418657497383675,1
"606","MC-7","RG-1",NA,NA,NA,0.421446508333248,NA,NA,0.421446508333248,1
"607","MC-7","RG-10",NA,NA,NA,0.530278550493391,NA,NA,0.530278550493391,1
"608","MC-7","RG-11",NA,NA,NA,0.419797698575441,NA,NA,0.419797698575441,1
"609","MC-7","RG-2",NA,NA,NA,0.419799407751166,NA,NA,0.419799407751166,1
"610","MC-7","RG-3",NA,NA,NA,0.753343108804393,NA,NA,0.753343108804393,1
"611","MC-7","RG-4",NA,NA,NA,0.424932084985085,NA,NA,0.424932084985085,1
"612","MC-7","RG-5",NA,NA,NA,0.42569221911293,NA,NA,0.42569221911293,1
"613","MC-7","RG-6",NA,NA,NA,0.421446508333248,NA,NA,0.421446508333248,1
"614","MC-7","RG-7",NA,NA,NA,0.419417631511519,NA,NA,0.419417631511519,1
"615","MC-7","RG-8",NA,NA,NA,0.417178090732394,NA,NA,0.417178090732394,1
"616","MC-7","RG-9",NA,NA,NA,0.406124178694797,NA,NA,0.406124178694797,1
"617","MC-7","ULExN",NA,NA,NA,0.421711851129609,NA,NA,0.421711851129609,1
"618","N-3","RG-11",NA,NA,NA,0.851773019984823,NA,NA,0.851773019984823,1
"619","N-3","RG-3",NA,NA,NA,0.807028677506689,NA,0.851773019984823,0.829400848745756,2
"620","N-4","RG-11",NA,NA,NA,0.840321221108036,NA,NA,0.840321221108036,1
"621","N-4","RG-3",NA,NA,NA,0.843533817993455,NA,0.848520837359851,0.846027327676653,2
"622","N-5","RG-11",NA,NA,NA,0.737497316847928,0.658674222747271,NA,0.698085769797599,2
"623","N-5","RG-3",NA,NA,NA,0.715693881413915,0.851588982441911,0.852533158343875,0.806605340733233,3
"624","RELNInH","RG-11",NA,NA,NA,0.424932084985085,0.422325791674347,NA,0.423628938329716,2
"625","RELNInH","RG-3",NA,NA,NA,0.755821357247388,0.533776047399058,0.421423801512076,0.570340402052841,3
"626","ChP-1","MC-6",NA,NA,NA,NA,0.426452353240774,NA,0.426452353240774,1
"627","ChP-1","MC-8",NA,NA,NA,NA,0.427972621496461,NA,0.427972621496461,1
"628","ChP-2","MC-6",NA,NA,NA,NA,0.425980268730462,NA,0.425980268730462,1
"629","ChP-2","MC-8",NA,NA,NA,NA,0.426740402858306,NA,0.426740402858306,1
"630","ChP-4","MC-6",NA,NA,NA,NA,0.426452353240774,NA,0.426452353240774,1
"631","ChP-4","MC-8",NA,NA,NA,NA,0.424932084985085,NA,0.424932084985085,1
"632","ChP-4","N-5",NA,NA,NA,NA,0.644652605533677,0.482788488987503,0.56372054726059,2
"633","ChP-4","RELNInH",NA,NA,NA,NA,0.420663667384232,0.424932084985085,0.422797876184659,2
"634","ChP-4","Unknown-1",NA,NA,NA,NA,0.42569221911293,NA,0.42569221911293,1
"635","DLX5InH","MC-6",NA,NA,NA,NA,0.42569221911293,NA,0.42569221911293,1
"636","DLX5InH","MC-8",NA,NA,NA,NA,0.42569221911293,NA,0.42569221911293,1
"637","GB","MC-6",NA,NA,NA,NA,0.42569221911293,NA,0.42569221911293,1
"638","GB","MC-8",NA,NA,NA,NA,0.424932084985085,NA,0.424932084985085,1
"639","IPC-1","MC-6",NA,NA,NA,NA,0.588578938413223,NA,0.588578938413223,1
"640","IPC-1","MC-8",NA,NA,NA,NA,0.480315420077706,NA,0.480315420077706,1
"641","IPC-2","MC-6",NA,NA,NA,NA,0.538332514617443,NA,0.538332514617443,1
"642","IPC-2","MC-8",NA,NA,NA,NA,0.424460000474775,NA,0.424460000474775,1
"643","IPC-3","MC-6",NA,NA,NA,NA,0.426452353240774,NA,0.426452353240774,1
"644","IPC-3","MC-8",NA,NA,NA,NA,0.426452353240774,NA,0.426452353240774,1
"645","MC-2","MC-6",NA,NA,NA,NA,0.853293296702927,NA,0.853293296702927,1
"646","MC-2","MC-8",NA,NA,NA,NA,0.484308765705607,NA,0.484308765705607,1
"647","MC-6","MC-8",NA,NA,NA,NA,0.705776477004123,NA,0.705776477004123,1
"648","MC-6","N-1",NA,NA,NA,NA,0.42569221911293,NA,0.42569221911293,1
"649","MC-6","N-2",NA,NA,NA,NA,0.42351502495151,NA,0.42351502495151,1
"650","MC-6","N-5",NA,NA,NA,NA,0.538620564234976,NA,0.538620564234976,1
"651","MC-6","RELNInH",NA,NA,NA,NA,0.424698211504269,NA,0.424698211504269,1
"652","MC-6","RG-1",NA,NA,NA,NA,0.42569221911293,NA,0.42569221911293,1
"653","MC-6","RG-10",NA,NA,NA,NA,0.427212487368618,NA,0.427212487368618,1
"654","MC-6","RG-11",NA,NA,NA,NA,0.424840067538696,NA,0.424840067538696,1
"655","MC-6","RG-2",NA,NA,NA,NA,0.426072286176852,NA,0.426072286176852,1
"656","MC-6","RG-3",NA,NA,NA,NA,0.538804599127755,NA,0.538804599127755,1
"657","MC-6","RG-4",NA,NA,NA,NA,0.426452353240774,NA,0.426452353240774,1
"658","MC-6","RG-5",NA,NA,NA,NA,0.388911351166755,NA,0.388911351166755,1
"659","MC-6","RG-6",NA,NA,NA,NA,0.426452353240774,NA,0.426452353240774,1
"660","MC-6","RG-7",NA,NA,NA,NA,0.434989188442481,NA,0.434989188442481,1
"661","MC-6","RG-8",NA,NA,NA,NA,0.426740402858306,NA,0.426740402858306,1
"662","MC-6","Unknown-1",NA,NA,NA,NA,0.427212487368618,NA,0.427212487368618,1
"663","MC-8","N-1",NA,NA,NA,NA,0.427212487368618,NA,0.427212487368618,1
"664","MC-8","N-2",NA,NA,NA,NA,0.422754890823666,NA,0.422754890823666,1
"665","MC-8","N-5",NA,NA,NA,NA,0.540612917000975,NA,0.540612917000975,1
"666","MC-8","RELNInH",NA,NA,NA,NA,0.423558010312503,NA,0.423558010312503,1
"667","MC-8","RG-1",NA,NA,NA,NA,0.428732755624305,NA,0.428732755624305,1
"668","MC-8","RG-10",NA,NA,NA,NA,0.427212487368618,NA,0.427212487368618,1
"669","MC-8","RG-11",NA,NA,NA,NA,0.426452353240774,NA,0.426452353240774,1
"670","MC-8","RG-2",NA,NA,NA,NA,0.426126462313567,NA,0.426126462313567,1
"671","MC-8","RG-3",NA,NA,NA,NA,0.424460000474775,NA,0.424460000474775,1
"672","MC-8","RG-4",NA,NA,NA,NA,0.42569221911293,NA,0.42569221911293,1
"673","MC-8","RG-5",NA,NA,NA,NA,0.437300501731941,NA,0.437300501731941,1
"674","MC-8","RG-6",NA,NA,NA,NA,0.426452353240774,NA,0.426452353240774,1
"675","MC-8","RG-7",NA,NA,NA,NA,0.431480904969471,NA,0.431480904969471,1
"676","MC-8","RG-8",NA,NA,NA,NA,0.426452353240774,NA,0.426452353240774,1
"677","MC-8","Unknown-1",NA,NA,NA,NA,0.426072286176852,NA,0.426072286176852,1
"678","N-5","Unknown-1",NA,NA,NA,NA,0.537860430107132,NA,0.537860430107132,1
"679","RELNInH","Unknown-1",NA,NA,NA,NA,0.422797876184659,NA,0.422797876184659,1
"680","ChP-4","N-3",NA,NA,NA,NA,NA,0.42901646769316,0.42901646769316,1
"681","ChP-4","N-4",NA,NA,NA,NA,NA,0.426452353240774,0.426452353240774,1
"682","IPC-4","N-3",NA,NA,NA,NA,NA,0.75604317880063,0.75604317880063,1
"683","IPC-4","N-4",NA,NA,NA,NA,NA,0.422528677072533,0.422528677072533,1
"684","IPC-4","N-5",NA,NA,NA,NA,NA,0.530506764482387,0.530506764482387,1
"685","IPC-4","RELNInH",NA,NA,NA,NA,NA,0.423043746943839,0.423043746943839,1
